<?xml version="1.0" encoding="utf-8"?>
<rdf:RDF xmlns:rdf="http://www.w3.org/1999/02/22-rdf-syntax-ns#">
  <rdf:Description rdf:about="styles.xml">
    <rdf:type rdf:resource="http://docs.oasis-open.org/ns/office/1.2/meta/odf#StylesFile"/>
  </rdf:Description>
  <rdf:Description rdf:about="">
    <ns0:hasPart xmlns:ns0="http://docs.oasis-open.org/ns/office/1.2/meta/pkg#" rdf:resource="styles.xml"/>
  </rdf:Description>
  <rdf:Description rdf:about="content.xml">
    <rdf:type rdf:resource="http://docs.oasis-open.org/ns/office/1.2/meta/odf#ContentFile"/>
  </rdf:Description>
  <rdf:Description rdf:about="">
    <ns0:hasPart xmlns:ns0="http://docs.oasis-open.org/ns/office/1.2/meta/pkg#" rdf:resource="content.xml"/>
  </rdf:Description>
  <rdf:Description rdf:about="">
    <rdf:type rdf:resource="http://docs.oasis-open.org/ns/office/1.2/meta/pkg#Document"/>
  </rdf:Description>
</rdf:RDF>
