﻿<?xml version="1.0" encoding="UTF-8"?>
<office:document-meta xmlns:office="urn:oasis:names:tc:opendocument:xmlns:office:1.0" xmlns:xlink="http://www.w3.org/1999/xlink" xmlns:dc="http://purl.org/dc/elements/1.1/" xmlns:meta="urn:oasis:names:tc:opendocument:xmlns:meta:1.0" xmlns:ooo="http://openoffice.org/2004/office" xmlns:grddl="http://www.w3.org/2003/g/data-view#" xmlns:textooo="http://openoffice.org/2013/office" office:version="1.2">
  <office:meta>
    <meta:initial-creator>yujin cha</meta:initial-creator>
    <meta:creation-date>2021-05-31T18:14:27.52</meta:creation-date>
    <meta:document-statistic meta:table-count="0" meta:image-count="0" meta:object-count="0" meta:page-count="1" meta:paragraph-count="0" meta:word-count="0" meta:character-count="0" />
    <meta:generator>OpenOffice/4.1.10$Win32 OpenOffice.org_project/4110m2$Build-9807</meta:generator>
  </office:meta>
</office:document-meta>